{
  "project_info": {
    "project_number": "265899944418",
    "firebase_url": "https://toilets-for-you.firebaseio.com",
    "project_id": "toilets-for-you",
    "storage_bucket": "toilets-for-you.appspot.com"
  },
  "client": [
    {
      "client_info": {
        "mobilesdk_app_id": "1:265899944418:android:93d25ed2706c92413731bb",
        "android_client_info": {
          "package_name": "com.example.toiletsforyou"
        }
      },
      "oauth_client": [
        {
          "client_id": "265899944418-88ne7og0adheglq8l276hr35jrrjnlpj.apps.googleusercontent.com",
          "client_type": 3
        }
      ],
      "api_key": [
        {
          "current_key": "AIzaSyAQ_cVnEqjh3d86-Gx5DfOecjLXyCkZbKM"
        }
      ],
      "services": {
        "appinvite_service": {
          "other_platform_oauth_client": [
            {
              "client_id": "265899944418-88ne7og0adheglq8l276hr35jrrjnlpj.apps.googleusercontent.com",
              "client_type": 3
            }
          ]
        }
      }
    }
  ],
  "configuration_version": "1"
}